Fourth Edition,,,,,,,,
DeckBox Number,DeckBox Count,Number,Name,Rarity,Color,Artist,1+,4+
251,4,1,Alabaster Potion,common,White,Harold McNeill,X,X
252,1,2,Amrou Kithkin,common,White,Quinton Hoover,X,
253,1,3,Angry Mob,uncommon,White,Drew Tucker,X,
254,0,4,Animate Wall,rare,White,Dan Frazier,,
255,0,5,Armageddon,rare,White,Jesper Myrfors,,
256,0,6,Balance,rare,White,Mark Poole,,
257,2,7,Benalish Hero,common,White,Douglas Shuler,X,
258,1,8,Black Ward,uncommon,White,Dan Frazier,X,
259,0,9,Blessing,rare,White,Julie Baroh,,
260,2,10,Blue Ward,uncommon,White,Dan Frazier,X,
261,2,11,Brainwash,common,White,Pete Venters,X,
262,0,12,Castle,uncommon,White,Dameon Willich,,
263,1,13,Circle of Protection: Artifacts,uncommon,White,Pete Venters,X,
264,1,14,Circle of Protection: Black,common,White,Jesper Myrfors,X,
265,4,15,Circle of Protection: Blue,common,White,Dameon Willich,X,X
266,0,16,Circle of Protection: Green,common,White,Sandra Everingham,,
267,3,17,Circle of Protection: Red,common,White,Mark Tedin,X,
268,2,18,Circle of Protection: White,common,White,Douglas Shuler,X,
269,0,19,Conversion,uncommon,White,Jesper Myrfors,,
270,0,20,Crusade,rare,White,Mark Poole,,
271,1,21,Death Ward,common,White,Mark Poole,X,
272,1,22,Disenchant,common,White,Amy Weber,X,
273,0,23,Divine Transformation,uncommon,White,N├⌐N├⌐ Thomas,,
274,0,24,Elder Land Wurm,rare,White,Quinton Hoover,,
275,0,25,Eye for an Eye,rare,White,Mark Poole,,
276,3,26,Fortified Area,common,White,Randy Asplund-Faith,X,
277,0,27,Green Ward,uncommon,White,Dan Frazier,,
278,1,28,Healing Salve,common,White,Dan Frazier,X,
279,1,29,Holy Armor,common,White,Melissa A. Benson,X,
280,0,30,Holy Strength,common,White,Anson Maddocks,,
281,0,31,Island Sanctuary,rare,White,Mark Poole,,
282,2,32,Karma,uncommon,White,Richard Thomas,X,
283,0,33,Kismet,uncommon,White,Kaja Foglio,,
284,0,34,Land Tax,rare,White,Brian Sn├╡ddy,,
285,2,35,Mesa Pegasus,common,White,Melissa A. Benson,X,
286,4,36,Morale,common,White,Mark Poole,X,X
287,0,37,Northern Paladin,rare,White,Douglas Shuler,,
288,2,38,Osai Vultures,uncommon,White,Dan Frazier,X,
289,1,39,Pearled Unicorn,common,White,Cornelius Brudi,X,
290,0,40,Personal Incarnation,rare,White,Kev Brockschmidt,,
291,1,41,Piety,common,White,Mark Poole,X,
292,1,42,Pikemen,common,White,Dennis Detwiller,X,
293,0,43,Purelace,rare,White,Sandra Everingham,,
294,0,44,Red Ward,uncommon,White,Dan Frazier,,
295,0,45,Reverse Damage,rare,White,Dameon Willich,,
296,0,46,Righteousness,rare,White,Douglas Shuler,,
297,4,47,Samite Healer,common,White,Tom W├ñnerstrand,X,X
298,0,48,Savannah Lions,rare,White,Daniel Gelon,,
299,1,49,Seeker,common,White,Mark Poole,X,
300,0,50,Serra Angel,uncommon,White,Douglas Shuler,,
301,0,51,Spirit Link,uncommon,White,Kaja Foglio,,
302,1,52,Swords to Plowshares,uncommon,White,Jeff A. Menges,X,
303,4,53,Tundra Wolves,common,White,Quinton Hoover,X,X
304,0,54,Visions,uncommon,White,N├⌐N├⌐ Thomas,,
305,0,55,Wall of Swords,uncommon,White,Mark Tedin,,
306,0,56,White Knight,uncommon,White,Daniel Gelon,,
307,0,57,White Ward,uncommon,White,Dan Frazier,,
308,1,58,Wrath of God,rare,White,Quinton Hoover,X,
59,2,59,Air Elemental,uncommon,Blue,Richard Thomas,X,
60,0,60,Animate Artifact,uncommon,Blue,Douglas Shuler,,
61,4,61,Apprentice Wizard,common,Blue,Dan Frazier,X,X
62,0,62,Backfire,uncommon,Blue,Brian Sn├╡ddy,,
63,2,63,Blue Elemental Blast,common,Blue,Richard Thomas,X,
64,0,64,Control Magic,uncommon,Blue,Dameon Willich,,
65,1,65,Counterspell,uncommon,Blue,Mark Poole,X,
66,2,66,Creature Bond,common,Blue,Anson Maddocks,X,
67,0,67,Drain Power,rare,Blue,Douglas Shuler,,
68,0,68,Energy Flux,uncommon,Blue,Kaja Foglio,,
69,4,69,Energy Tap,common,Blue,Daniel Gelon,X,X
70,2,70,Erosion,common,Blue,Pete Venters,X,
71,1,71,Feedback,uncommon,Blue,Quinton Hoover,X,
72,1,72,Flight,common,Blue,Anson Maddocks,X,
73,2,73,Flood,common,Blue,Dennis Detwiller,X,
74,3,74,Gaseous Form,common,Blue,Phil Foglio,X,
75,1,75,Ghost Ship,uncommon,Blue,Tom W├ñnerstrand,X,
76,3,76,Giant Tortoise,common,Blue,Kaja Foglio,X,
77,0,77,Hurkyl's Recall,rare,Blue,N├⌐N├⌐ Thomas,,
78,0,78,Island Fish Jasconius,rare,Blue,Jesper Myrfors,,
79,2,79,Jump,common,Blue,Mark Poole,X,
80,1,80,Leviathan,rare,Blue,Mark Tedin,X,
81,1,81,Lifetap,uncommon,Blue,Anson Maddocks,X,
82,0,82,Lord of Atlantis,rare,Blue,Melissa A. Benson,,
83,0,83,Magical Hack,rare,Blue,Julie Baroh,,
84,0,84,Mahamoti Djinn,rare,Blue,Dan Frazier,,
85,1,85,Mana Short,rare,Blue,Dameon Willich,X,
86,3,86,Merfolk of the Pearl Trident,common,Blue,Jeff A. Menges,X,
87,0,87,Mind Bomb,uncommon,Blue,Mark Tedin,,
88,1,88,Phantasmal Forces,uncommon,Blue,Mark Poole,X,
89,2,89,Phantasmal Terrain,common,Blue,Dameon Willich,X,
90,1,90,Phantom Monster,uncommon,Blue,Jesper Myrfors,X,
91,0,91,Pirate Ship,rare,Blue,Tom W├ñnerstrand,,
92,2,92,Power Leak,common,Blue,Drew Tucker,X,
93,3,93,Power Sink,common,Blue,Richard Thomas,X,
94,2,94,Prodigal Sorcerer,common,Blue,Douglas Shuler,X,
95,0,95,Psionic Entity,rare,Blue,Justin Hampton,,
96,2,96,Psychic Venom,common,Blue,Brian Sn├╡ddy,X,
97,0,97,Relic Bind,rare,Blue,Christopher Rush,,
98,3,98,Sea Serpent,common,Blue,Jeff A. Menges,X,
99,0,99,Segovian Leviathan,uncommon,Blue,Melissa A. Benson,,
100,0,100,Sindbad,uncommon,Blue,Julie Baroh,,
101,0,101,Siren's Call,uncommon,Blue,Anson Maddocks,,
102,1,102,Sleight of Mind,rare,Blue,Mark Poole,X,
103,2,103,Spell Blast,common,Blue,Brian Sn├╡ddy,X,
104,0,104,Stasis,rare,Blue,Fay Jones,,
105,0,105,Steal Artifact,uncommon,Blue,Amy Weber,,
106,2,106,Sunken City,common,Blue,Jesper Myrfors,X,
107,0,107,Thoughtlace,rare,Blue,Mark Poole,,
108,0,108,Time Elemental,rare,Blue,Amy Weber,,
109,3,109,Twiddle,common,Blue,Rob Alexander,X,
110,1,110,Unstable Mutation,common,Blue,Douglas Shuler,X,
111,1,111,Unsummon,common,Blue,Douglas Shuler,X,
112,0,112,Volcanic Eruption,rare,Blue,Douglas Shuler,,
113,0,113,Wall of Air,uncommon,Blue,Richard Thomas,,
114,1,114,Wall of Water,uncommon,Blue,Richard Thomas,X,
115,1,115,Water Elemental,uncommon,Blue,Jeff A. Menges,X,
116,4,116,Zephyr Falcon,common,Blue,Heather Hudson,X,X
1,0,117,Abomination,uncommon,Black,Mark Tedin,,
2,0,118,Animate Dead,uncommon,Black,Anson Maddocks,,
3,0,119,Ashes to Ashes,uncommon,Black,Drew Tucker,,
4,0,120,Bad Moon,rare,Black,Jesper Myrfors,,
5,2,121,Black Knight,uncommon,Black,Jeff A. Menges,X,
6,1,122,Blight,uncommon,Black,Pete Venters,X,
7,1,123,Bog Imp,common,Black,Ron Spencer,X,
8,1,124,Bog Wraith,uncommon,Black,Jeff A. Menges,X,
9,0,125,Carrion Ants,uncommon,Black,Richard Thomas,,
10,1,126,Cosmic Horror,rare,Black,Jesper Myrfors,X,
11,2,127,Cursed Land,uncommon,Black,Jesper Myrfors,X,
12,4,128,Cyclopean Mummy,common,Black,"Edward P. Beard, Jr.",X,X
13,3,129,Dark Ritual,common,Black,Sandra Everingham,X,
14,1,130,Deathgrip,uncommon,Black,Anson Maddocks,X,
15,0,131,Deathlace,rare,Black,Sandra Everingham,,
16,4,132,Drain Life,common,Black,Douglas Shuler,X,X
17,1,133,Drudge Skeletons,common,Black,Sandra Everingham,X,
18,0,134,El-Hajj├ój,rare,Black,Dameon Willich,,
19,2,135,Erg Raiders,common,Black,Dameon Willich,X,
20,0,136,Evil Presence,uncommon,Black,Sandra Everingham,,
21,3,137,Fear,common,Black,Mark Poole,X,
22,2,138,Frozen Shade,common,Black,Douglas Shuler,X,
23,2,139,Gloom,uncommon,Black,Dan Frazier,X,
24,0,140,Greed,rare,Black,Phil Foglio,,
25,3,141,Howl from Beyond,common,Black,Mark Poole,X,
26,0,142,Hypnotic Specter,uncommon,Black,Douglas Shuler,,
27,0,143,Jun├║n Efreet,uncommon,Black,Christopher Rush,,
28,1,144,Lord of the Pit,rare,Black,Mark Tedin,X,
29,3,145,Lost Soul,common,Black,Randy Asplund-Faith,X,
30,1,146,Marsh Gas,common,Black,Douglas Shuler,X,
31,0,147,Mind Twist,rare,Black,Julie Baroh,,
32,2,148,Murk Dwellers,common,Black,Drew Tucker,X,
33,0,149,Nether Shadow,rare,Black,Christopher Rush,,
34,0,150,Nightmare,rare,Black,Melissa A. Benson,,
35,3,151,Paralyze,common,Black,Anson Maddocks,X,
36,3,152,Pestilence,common,Black,Jesper Myrfors,X,
37,4,153,Pit Scorpion,common,Black,Scott Kirschner,X,X
38,4,154,Plague Rats,common,Black,Anson Maddocks,X,X
39,2,155,Rag Man,rare,Black,Daniel Gelon,X,
40,1,156,Raise Dead,common,Black,Jeff A. Menges,X,
41,0,157,Royal Assassin,rare,Black,Tom W├ñnerstrand,,
42,4,158,Scathe Zombies,common,Black,Jesper Myrfors,X,X
43,2,159,Scavenging Ghoul,uncommon,Black,Jeff A. Menges,X,
44,0,160,Sengir Vampire,uncommon,Black,Anson Maddocks,,
45,1,161,Simulacrum,uncommon,Black,Mark Poole,X,
46,1,162,Sorceress Queen,rare,Black,Kaja Foglio,X,
47,0,163,Spirit Shackle,uncommon,Black,"Edward P. Beard, Jr.",,
48,4,164,Terror,common,Black,Ron Spencer,X,X
49,0,165,Uncle Istvan,uncommon,Black,Daniel Gelon,,
50,0,166,Unholy Strength,common,Black,Douglas Shuler,,
51,1,167,Vampire Bats,common,Black,Anson Maddocks,X,
52,0,168,Wall of Bone,uncommon,Black,Anson Maddocks,,
53,0,169,Warp Artifact,rare,Black,Amy Weber,,
54,3,170,Weakness,common,Black,Douglas Shuler,X,
55,0,171,Will-o'-the-Wisp,rare,Black,Jesper Myrfors,,
56,4,172,Word of Binding,common,Black,Ron Spencer,X,X
57,1,173,Xenic Poltergeist,rare,Black,Dan Frazier,X,
58,0,174,Zombie Master,rare,Black,Jeff A. Menges,,
193,1,175,Ali Baba,uncommon,Red,Julie Baroh,X,
194,0,176,Ball Lightning,rare,Red,Quinton Hoover,,
195,3,177,Bird Maiden,common,Red,Kaja Foglio,X,
196,3,178,Blood Lust,common,Red,Anson Maddocks,X,
197,1,179,Brothers of Fire,common,Red,Mark Tedin,X,
198,1,180,Burrowing,uncommon,Red,Mark Poole,X,
199,1,181,Cave People,uncommon,Red,Drew Tucker,X,
200,1,182,Chaoslace,rare,Red,Dameon Willich,X,
201,0,183,Crimson Manticore,rare,Red,Daniel Gelon,,
202,0,184,Detonate,uncommon,Red,Randy Asplund-Faith,,
203,2,185,Disintegrate,common,Red,Anson Maddocks,X,
204,0,186,Dragon Whelp,uncommon,Red,Amy Weber,,
205,2,187,Dwarven Warriors,common,Red,Douglas Shuler,X,
206,0,188,Earth Elemental,uncommon,Red,Dan Frazier,,
207,0,189,Earthquake,rare,Red,Dan Frazier,,
208,3,190,Eternal Warrior,common,Red,Anson Maddocks,X,
209,1,191,Fire Elemental,uncommon,Red,Melissa A. Benson,X,
210,4,192,Fireball,common,Red,Mark Tedin,X,X
211,3,193,Firebreathing,common,Red,Dan Frazier,X,
212,1,194,Fissure,common,Red,Douglas Shuler,X,
213,0,195,Flashfires,uncommon,Red,Dameon Willich,,
214,0,196,Giant Strength,common,Red,Justin Hampton,,
215,1,197,Goblin Balloon Brigade,uncommon,Red,Andi Rusu,X,
216,0,198,Goblin King,rare,Red,Jesper Myrfors,,
217,3,199,Goblin Rock Sled,common,Red,Dennis Detwiller,X,
218,2,200,Gray Ogre,common,Red,Dan Frazier,X,
219,2,201,Hill Giant,common,Red,Dan Frazier,X,
220,2,202,Hurloon Minotaur,common,Red,Anson Maddocks,X,
221,1,203,Hurr Jackal,rare,Red,Drew Tucker,X,
222,3,204,Immolation,common,Red,Scott Kirschner,X,
223,0,205,Inferno,rare,Red,Randy Asplund-Faith,,
224,0,206,Ironclaw Orcs,common,Red,Anson Maddocks,,
225,1,207,Keldon Warlord,uncommon,Red,Kev Brockschmidt,X,
226,3,208,Lightning Bolt,common,Red,Christopher Rush,X,
227,0,209,Magnetic Mountain,rare,Red,Susan Van Camp,,
228,0,210,Mana Clash,rare,Red,Mark Tedin,,
229,2,211,Mana Flare,rare,Red,Christopher Rush,X,
230,0,212,Manabarbs,rare,Red,Christopher Rush,,
231,4,213,Mons's Goblin Raiders,common,Red,Jeff A. Menges,X,X
232,2,214,Orcish Artillery,uncommon,Red,Anson Maddocks,X,
233,0,215,Orcish Oriflamme,uncommon,Red,Dan Frazier,,
234,0,216,Power Surge,rare,Red,Douglas Shuler,,
235,1,217,Pyrotechnics,uncommon,Red,Anson Maddocks,X,
236,2,218,Red Elemental Blast,common,Red,Richard Thomas,X,
237,2,219,Shatter,common,Red,Amy Weber,X,
238,0,220,Shivan Dragon,rare,Red,Melissa A. Benson,,
239,4,221,Sisters of the Flame,common,Red,Jesper Myrfors,X,X
240,0,222,Smoke,rare,Red,Jesper Myrfors,,
241,0,223,Stone Giant,uncommon,Red,Dameon Willich,,
242,3,224,Stone Rain,common,Red,Daniel Gelon,X,
243,1,225,Tempest Efreet,rare,Red,N├⌐N├⌐ Thomas,X,
244,2,226,The Brute,common,Red,Mark Poole,X,
245,1,227,Tunnel,uncommon,Red,Dan Frazier,X,
246,0,228,Uthden Troll,uncommon,Red,Douglas Shuler,,
247,0,229,Wall of Dust,uncommon,Red,Richard Thomas,,
248,0,230,Wall of Fire,uncommon,Red,Richard Thomas,,
249,0,231,Wall of Stone,uncommon,Red,Dan Frazier,,
250,1,232,Winds of Change,rare,Red,Justin Hampton,X,
117,0,233,Aspect of Wolf,rare,Green,Jeff A. Menges,,
118,2,234,Birds of Paradise,rare,Green,Mark Poole,X,
119,4,235,Carnivorous Plant,common,Green,Quinton Hoover,X,X
120,0,236,Channel,uncommon,Green,Richard Thomas,,
121,1,237,Cockatrice,rare,Green,Dan Frazier,X,
122,4,238,Craw Wurm,common,Green,Daniel Gelon,X,X
123,1,239,Crumble,uncommon,Green,Jesper Myrfors,X,
124,1,240,Desert Twister,uncommon,Green,Susan Van Camp,X,
125,4,241,Durkwood Boars,common,Green,Mike Kimble,X,X
126,1,242,Elven Riders,uncommon,Green,Melissa A. Benson,X,
127,0,243,Elvish Archers,rare,Green,Anson Maddocks,,
128,2,244,Fog,common,Green,Jesper Myrfors,X,
129,0,245,Force of Nature,rare,Green,Douglas Shuler,,
130,0,246,Fungusaur,rare,Green,Daniel Gelon,,
131,0,247,Gaea's Liege,rare,Green,Dameon Willich,,
132,3,248,Giant Growth,common,Green,Sandra Everingham,X,
133,3,249,Giant Spider,common,Green,Sandra Everingham,X,
134,4,250,Grizzly Bears,common,Green,Jeff A. Menges,X,X
135,0,251,Hurricane,uncommon,Green,Dameon Willich,,
136,0,252,Instill Energy,uncommon,Green,Dameon Willich,,
137,2,253,Ironroot Treefolk,common,Green,Jesper Myrfors,X,
138,1,254,Killer Bees,uncommon,Green,Phil Foglio,X,
139,2,255,Land Leeches,common,Green,Quinton Hoover,X,
140,0,256,Ley Druid,uncommon,Green,Sandra Everingham,,
141,2,257,Lifeforce,uncommon,Green,Dameon Willich,X,
142,1,258,Lifelace,rare,Green,Amy Weber,X,
143,0,259,Living Artifact,rare,Green,Anson Maddocks,,
144,0,260,Living Lands,rare,Green,Jesper Myrfors,,
145,0,261,Llanowar Elves,common,Green,Anson Maddocks,,
146,2,262,Lure,uncommon,Green,Anson Maddocks,X,
147,2,263,Marsh Viper,common,Green,Ron Spencer,X,
148,1,264,Nafs Asp,common,Green,Christopher Rush,X,
149,3,265,Pradesh Gypsies,common,Green,Quinton Hoover,X,
150,1,266,Radjan Spirit,uncommon,Green,Christopher Rush,X,
151,0,267,Rebirth,rare,Green,Mark Tedin,,
152,3,268,Regeneration,common,Green,Quinton Hoover,X,
153,2,269,Sandstorm,common,Green,Brian Sn├╡ddy,X,
154,1,270,Scryb Sprites,common,Green,Amy Weber,X,
155,1,271,Shanodin Dryads,common,Green,Anson Maddocks,X,
156,4,272,Stream of Life,common,Green,Mark Poole,X,X
157,0,273,Sylvan Library,rare,Green,Harold McNeill,,
158,0,274,Thicket Basilisk,uncommon,Green,Dan Frazier,,
159,0,275,Timber Wolves,rare,Green,Melissa A. Benson,,
160,0,276,Titania's Song,rare,Green,Kerstin Kaman,,
161,2,277,Tranquility,common,Green,Douglas Shuler,X,
162,0,278,Tsunami,uncommon,Green,Richard Thomas,,
163,0,279,Untamed Wilds,uncommon,Green,N├⌐N├⌐ Thomas,,
164,3,280,Venom,common,Green,Tom W├ñnerstrand,X,
165,0,281,Verduran Enchantress,rare,Green,Kev Brockschmidt,,
166,0,282,Wall of Brambles,uncommon,Green,Anson Maddocks,,
167,2,283,Wall of Ice,uncommon,Green,Richard Thomas,X,
168,2,284,Wall of Wood,common,Green,Mark Tedin,X,
169,1,285,Wanderlust,uncommon,Green,Cornelius Brudi,X,
170,1,286,War Mammoth,common,Green,Jeff A. Menges,X,
171,1,287,Web,rare,Green,Rob Alexander,X,
172,0,288,Whirling Dervish,uncommon,Green,Susan Van Camp,,
173,2,289,Wild Growth,common,Green,Mark Poole,X,
174,0,290,Winter Blast,uncommon,Green,Kaja Foglio,,
309,1,291,Aladdin's Lamp,rare,,Mark Tedin,X,
310,1,292,Aladdin's Ring,rare,,Dan Frazier,X,
311,2,293,Amulet of Kroog,common,,Margaret Organ-Kean,X,
312,0,294,Ankh of Mishra,rare,,Amy Weber,,
313,1,295,Armageddon Clock,rare,,Amy Weber,X,
314,0,296,Ashnod's Battle Gear,uncommon,,Mark Poole,,
315,2,297,Battering Ram,common,,Jeff A. Menges,X,
316,0,298,Black Mana Battery,rare,,Anson Maddocks,,
317,0,299,Black Vise,uncommon,,Richard Thomas,,
318,0,300,Blue Mana Battery,rare,,Amy Weber,,
319,0,301,Bottle of Suleiman,rare,,Jesper Myrfors,,
320,2,302,Brass Man,uncommon,,Christopher Rush,X,
321,1,303,Bronze Tablet,rare,,Tom W├ñnerstrand,X,
322,1,304,Celestial Prism,uncommon,,Amy Weber,X,
323,2,305,Clay Statue,common,,Jesper Myrfors,X,
324,0,306,Clockwork Avian,rare,,Randy Asplund-Faith,,
325,0,307,Clockwork Beast,rare,,Drew Tucker,,
326,0,308,Colossus of Sardia,rare,,Jesper Myrfors,,
327,0,309,Conservator,uncommon,,Amy Weber,,
328,1,310,Coral Helm,rare,,Amy Weber,X,
329,2,311,Crystal Rod,uncommon,,Amy Weber,X,
330,0,312,Cursed Rack,uncommon,,Richard Thomas,,
331,0,313,Dancing Scimitar,rare,,Anson Maddocks,,
332,1,314,Diabolic Machine,uncommon,,Anson Maddocks,X,
333,0,315,Dingus Egg,rare,,Dan Frazier,,
334,0,316,Disrupting Scepter,rare,,Dan Frazier,,
335,0,317,Dragon Engine,rare,,Anson Maddocks,,
336,1,318,Ebony Horse,rare,,Dameon Willich,X,
337,0,319,Fellwar Stone,uncommon,,Quinton Hoover,,
338,1,320,Flying Carpet,rare,,Mark Tedin,X,
339,2,321,Glasses of Urza,uncommon,,Douglas Shuler,X,
340,2,322,Grapeshot Catapult,common,,Dan Frazier,X,
341,0,323,Green Mana Battery,rare,,Christopher Rush,,
342,0,324,Helm of Chatzuk,rare,,Mark Tedin,,
343,0,325,Howling Mine,rare,,Mark Poole,,
344,0,326,Iron Star,uncommon,,Dan Frazier,,
345,0,327,Ivory Cup,uncommon,,Anson Maddocks,,
346,0,328,Ivory Tower,rare,,Margaret Organ-Kean,,
347,0,329,Jade Monolith,rare,,Anson Maddocks,,
348,1,330,Jandor's Saddlebags,rare,,Dameon Willich,X,
349,0,331,Jayemdae Tome,rare,,Mark Tedin,,
350,0,332,Kormus Bell,rare,,Christopher Rush,,
351,1,333,Library of Leng,uncommon,,Daniel Gelon,X,
352,0,334,Mana Vault,rare,,Mark Tedin,,
353,0,335,Meekstone,rare,,Quinton Hoover,,
354,1,336,Millstone,rare,,Kaja Foglio,X,
355,1,337,Mishra's War Machine,rare,,Amy Weber,X,
356,0,338,Nevinyrral's Disk,rare,,Mark Tedin,,
357,0,339,Obsianus Golem,uncommon,,Jesper Myrfors,,
358,0,340,Onulet,rare,,Anson Maddocks,,
359,0,341,Ornithopter,uncommon,,Amy Weber,,
360,0,342,Primal Clay,rare,,Kaja Foglio,,
361,0,343,Red Mana Battery,rare,,Mark Tedin,,
362,1,344,Rod of Ruin,uncommon,,Christopher Rush,X,
363,0,345,Shapeshifter,uncommon,,Dan Frazier,,
364,0,346,Soul Net,uncommon,,Dameon Willich,,
365,0,347,Sunglasses of Urza,rare,,Dan Frazier,,
366,1,348,Tawnos's Wand,uncommon,,Douglas Shuler,X,
367,2,349,Tawnos's Weaponry,uncommon,,Dan Frazier,X,
368,0,350,Tetravus,rare,,Mark Tedin,,
369,1,351,The Hive,rare,,Sandra Everingham,X,
370,1,352,The Rack,uncommon,,Richard Thomas,X,
371,0,353,Throne of Bone,uncommon,,Anson Maddocks,,
372,0,354,Triskelion,rare,,Douglas Shuler,,
373,1,355,Urza's Avenger,rare,,Amy Weber,X,
374,2,356,Wall of Spears,common,,Sandra Everingham,X,
375,0,357,White Mana Battery,rare,,Anthony S. Waters,,
376,0,358,Winter Orb,rare,,Mark Tedin,,
377,1,359,Wooden Sphere,uncommon,,Mark Tedin,X,
378,0,360,Yotian Soldier,common,,Christopher Rush,,
175,2,361,Mishra's Factory,uncommon,,Kaja Foglio & Phil Foglio,X,
176,1,362,Oasis,uncommon,,Brian Sn├╡ddy,X,
177,1,363,Strip Mine,uncommon,,Daniel Gelon,X,
178,4,364,Plains,common,,Jesper Myrfors,X,X
179,1,365,Plains,common,,Jesper Myrfors,X,
180,1,366,Plains,common,,Jesper Myrfors,X,
181,0,367,Island,common,,Mark Poole,,
182,0,368,Island,common,,Mark Poole,,
183,0,369,Island,common,,Mark Poole,,
184,0,370,Swamp,common,,Dan Frazier,,
185,1,371,Swamp,common,,Dan Frazier,X,
186,0,372,Swamp,common,,Dan Frazier,,
187,0,373,Mountain,common,,Douglas Shuler,,
188,0,374,Mountain,common,,Douglas Shuler,,
189,0,375,Mountain,common,,Douglas Shuler,,
190,1,376,Forest,common,,Christopher Rush,X,
191,1,377,Forest,common,,Christopher Rush,X,
192,0,378,Forest,common,,Christopher Rush,,